features,likelihood ratio statistic,p-value
Model 2: Chr. cost,74.06133463214564,7.572717006833772e-18
snoRNA,5.450951629886788,0.019557670441201117
tRNA,10.545677214218415,0.0011646014328099141
